product,image_url
두입 족발 도시락,https://image.shutterstock.com/image-photo/top-view-bright-photo-beautiful-600w-1929494522.jpg
두입 불족발 도시락,https://image.shutterstock.com/image-photo/top-view-bright-photo-beautiful-600w-1929494522.jpg
강풍 소시지 파스타,https://image.shutterstock.com/image-photo/top-view-bright-photo-beautiful-600w-1929494522.jpg
트러플 치즈 파스타,https://image.shutterstock.com/image-photo/top-view-bright-photo-beautiful-600w-1929494522.jpg
토마토 고기 파스타,https://image.shutterstock.com/image-photo/top-view-bright-photo-beautiful-600w-1929494522.jpg
"들국화(치킨, 연어구이)",https://image.shutterstock.com/image-photo/top-view-bright-photo-beautiful-600w-1929494522.jpg
들국화(순살 고등어 간장구이),https://image.shutterstock.com/image-photo/top-view-bright-photo-beautiful-600w-1929494522.jpg
민들레,https://image.shutterstock.com/image-photo/top-view-bright-photo-beautiful-600w-1929494522.jpg
무궁화(순살 고등어 간장구이),https://image.shutterstock.com/image-photo/top-view-bright-photo-beautiful-600w-1929494522.jpg
돈가스이모님고기고기,https://image.shutterstock.com/image-photo/top-view-bright-photo-beautiful-600w-1929494522.jpg
탕수육이모님고기고기,https://image.shutterstock.com/image-photo/top-view-bright-photo-beautiful-600w-1929494522.jpg
탈모고기고기,https://image.shutterstock.com/image-photo/top-view-bright-photo-beautiful-600w-1929494522.jpg
김치고기고기,https://image.shutterstock.com/image-photo/top-view-bright-photo-beautiful-600w-1929494522.jpg
숯불간접구이,https://image.shutterstock.com/image-photo/top-view-bright-photo-beautiful-600w-1929494522.jpg
메가톤치킨제육,https://image.shutterstock.com/image-photo/top-view-bright-photo-beautiful-600w-1929494522.jpg
칠레 찹쌀탕수육이모님,https://image.shutterstock.com/image-photo/top-view-bright-photo-beautiful-600w-1929494522.jpg
동서남북백,https://image.shutterstock.com/image-photo/top-view-bright-photo-beautiful-600w-1929494522.jpg
양념치킨제육,https://image.shutterstock.com/image-photo/top-view-bright-photo-beautiful-600w-1929494522.jpg
돈가스이모님,https://image.shutterstock.com/image-photo/top-view-bright-photo-beautiful-600w-1929494522.jpg
제육 된장찌개 정식,https://image.shutterstock.com/image-photo/top-view-bright-photo-beautiful-600w-1929494522.jpg
제육 차돌 된장찌개 정식,https://image.shutterstock.com/image-photo/top-view-bright-photo-beautiful-600w-1929494522.jpg
돈치스팸 차돌 된장찌개 정식,https://image.shutterstock.com/image-photo/top-view-bright-photo-beautiful-600w-1929494522.jpg
양념치킨마요 정식,https://image.shutterstock.com/image-photo/top-view-bright-photo-beautiful-600w-1929494522.jpg
